insert into formulario (form_id, form_data, form_nome) values ( '1' , str_to_date('2021.01.01','%Y.%m.%d'), 'a');
insert into formulario (form_id, form_data, form_nome) values ('2' , str_to_date('2020.12.31','%Y.%m.%d'), 'ab');
insert into formulario (form_id, form_data) values ('3' , str_to_date('2020.07.22','%Y.%m.%d'));
insert into formulario (form_id, form_data, form_nome) values ('4' , str_to_date('2020.03.10','%Y.%m.%d'), 'bde');
insert into formulario (form_id, form_data, form_nome) values ('5' , str_to_date('2020.10.01','%Y.%m.%d'), 'cde');
insert into formulario (form_id, form_data, form_nome) values ('6' , str_to_date('2021.01.01','%Y.%m.%d'), 'fez');
insert into formulario (form_id, form_data, form_nome) values ('7' , str_to_date('2020.12.31','%Y.%m.%d'), 'req');
insert into formulario (form_id, form_data, form_nome) values ('8' , str_to_date('2020.07.22','%Y.%m.%d'), 'qer');
insert into formulario (form_id, form_data, form_nome) values ('9' , str_to_date('2020.03.10','%Y.%m.%d'), 'qre');
insert into formulario (form_id, form_data) values ('10' , str_to_date('2020.06.14','%Y.%m.%d'));
insert into formulario (form_id, form_data, form_nome) values ('11' , str_to_date('2021.01.02','%Y.%m.%d'), 'ccs');
insert into formulario (form_id, form_data, form_nome) values ('12' , str_to_date('2020.11.30','%Y.%m.%d'), 'vaf');
insert into formulario (form_id, form_data, form_nome) values ('13' , str_to_date('2020.08.21','%Y.%m.%d'), 'fav');
insert into formulario (form_id, form_data, form_nome) values ('14' , str_to_date('2020.04.17','%Y.%m.%d'), 'lop');
insert into formulario (form_id, form_data, form_nome) values ('15' , str_to_date('2020.10.11','%Y.%m.%d'), 'pol');
insert into formulario (form_id, form_data) values ('16' , str_to_date('2021.01.12','%Y.%m.%d'));
insert into formulario (form_id, form_data) values ('17' , str_to_date('2020.12.31','%Y.%m.%d'));
insert into formulario (form_id, form_data, form_nome) values ('18' , str_to_date('2020.11.05','%Y.%m.%d'), 'hyh');
insert into formulario (form_id, form_data, form_nome) values ('19' , str_to_date('2020.05.12','%Y.%m.%d'), 'gtg');
insert into formulario (form_id, form_data, form_nome) values ('20' , str_to_date('2020.10.02','%Y.%m.%d'), 'vfv');
insert into formulario (form_id, form_data) values ( '21' , str_to_date('2021.04.04','%Y.%m.%d'));
insert into formulario (form_id, form_data, form_nome) values ('22' , str_to_date('2020.03.29','%Y.%m.%d'), 'mnm');
insert into formulario (form_id, form_data, form_nome) values ('23' , str_to_date('2020.07.22','%Y.%m.%d'), 'cda');
insert into formulario (form_id, form_data, form_nome) values ('24' , str_to_date('2020.06.23','%Y.%m.%d'), 'zxc');
insert into formulario (form_id, form_data, form_nome) values ('25' , str_to_date('2020.12.06','%Y.%m.%d'), 'tyu');
insert into formulario (form_id, form_data) values ('26' , str_to_date('2021.03.06','%Y.%m.%d'));
insert into formulario (form_id, form_data, form_nome) values ('27' , str_to_date('2020.12.31','%Y.%m.%d'), 'kjh');
insert into formulario (form_id, form_data, form_nome) values ('28' , str_to_date('2020.06.21','%Y.%m.%d'), 'hjk');
insert into formulario (form_id, form_data) values ('29' , str_to_date('2020.04.09','%Y.%m.%d'));
insert into formulario (form_id, form_data, form_nome) values ('30' , str_to_date('2020.11.01','%Y.%m.%d'), 'lpo');

insert into codigopostal (cod_id, cod_nrporta, cod_concelho, cod_localidade, cod_distrito) values ('1', '12', 'Amadora', 'Falagueira', 'Lisboa');
insert into codigopostal (cod_id, cod_nrporta, cod_concelho, cod_localidade, cod_distrito) values ('2', '32', 'Amadora', 'Brandoa', 'Lisboa');
insert into codigopostal (cod_id, cod_nrporta, cod_concelho, cod_localidade, cod_distrito) values ('3', '21', 'Lisboa', 'Benfica', 'Lisboa');
insert into codigopostal (cod_id, cod_nrporta, cod_concelho, cod_localidade, cod_distrito) values ('4', '11', 'Lisboa', 'Laranjeiras', 'Lisboa');
insert into codigopostal (cod_id, cod_nrporta, cod_concelho, cod_localidade, cod_distrito) values ('5', '15', 'Amadora', 'Alfornelos', 'Lisboa');
insert into codigopostal (cod_id, cod_nrporta, cod_concelho, cod_localidade, cod_distrito) values ('6', '11', 'Amadora', 'Falagueira', 'Lisboa');
insert into codigopostal (cod_id, cod_nrporta, cod_concelho, cod_localidade, cod_distrito) values ('7', '32', 'Amadora', 'Brandoa', 'Lisboa');
insert into codigopostal (cod_id, cod_nrporta, cod_concelho, cod_localidade, cod_distrito) values ('8', '21', 'Lisboa', 'Benfica', 'Lisboa');
insert into codigopostal (cod_id, cod_nrporta, cod_concelho, cod_localidade, cod_distrito) values ('9', '11', 'Lisboa', 'Laranjeiras', 'Lisboa');
insert into codigopostal (cod_id, cod_nrporta, cod_concelho, cod_localidade, cod_distrito) values ('10', '15', 'Amadora', 'Alfornelos', 'Lisboa');
insert into codigopostal (cod_id, cod_nrporta, cod_concelho, cod_localidade, cod_distrito) values ('11', '99', 'Amadora', 'Falagueira', 'Lisboa');
insert into codigopostal (cod_id, cod_nrporta, cod_concelho, cod_localidade, cod_distrito) values ('12', '32', 'Amadora', 'Brandoa', 'Lisboa');
insert into codigopostal (cod_id, cod_nrporta, cod_concelho, cod_localidade, cod_distrito) values ('13', '21', 'Lisboa', 'Benfica', 'Lisboa');
insert into codigopostal (cod_id, cod_nrporta, cod_concelho, cod_localidade, cod_distrito) values ('14', '101', 'Lisboa', 'Laranjeiras', 'Lisboa');
insert into codigopostal (cod_id, cod_nrporta, cod_concelho, cod_localidade, cod_distrito) values ('15', '15', 'Amadora', 'Alfornelos', 'Lisboa');
insert into codigopostal (cod_id, cod_nrporta, cod_concelho, cod_localidade, cod_distrito) values ('16', '01', 'Amadora', 'Falagueira', 'Lisboa');
insert into codigopostal (cod_id, cod_nrporta, cod_concelho, cod_localidade, cod_distrito) values ('17', '32', 'Amadora', 'Brandoa', 'Lisboa');
insert into codigopostal (cod_id, cod_nrporta, cod_concelho, cod_localidade, cod_distrito) values ('18', '21', 'Lisboa', 'Benfica', 'Lisboa');
insert into codigopostal (cod_id, cod_nrporta, cod_concelho, cod_localidade, cod_distrito) values ('19', '05', 'Lisboa', 'Laranjeiras', 'Lisboa');
insert into codigopostal (cod_id, cod_nrporta, cod_concelho, cod_localidade, cod_distrito) values ('20', '15', 'Amadora', 'Alfornelos', 'Lisboa');
insert into codigopostal (cod_id, cod_nrporta, cod_concelho, cod_localidade, cod_distrito) values ('21', '99', 'Amadora', 'Falagueira', 'Lisboa');
insert into codigopostal (cod_id, cod_nrporta, cod_concelho, cod_localidade, cod_distrito) values ('22', '32', 'Amadora', 'Brandoa', 'Lisboa');
insert into codigopostal (cod_id, cod_nrporta, cod_concelho, cod_localidade, cod_distrito) values ('23', '21', 'Lisboa', 'Benfica', 'Lisboa');
insert into codigopostal (cod_id, cod_nrporta, cod_concelho, cod_localidade, cod_distrito) values ('24', '75', 'Lisboa', 'Laranjeiras', 'Lisboa');
insert into codigopostal (cod_id, cod_nrporta, cod_concelho, cod_localidade, cod_distrito) values ('25', '15', 'Amadora', 'Alfornelos', 'Lisboa');
insert into codigopostal (cod_id, cod_nrporta, cod_concelho, cod_localidade, cod_distrito) values ('26', '10', 'Amadora', 'Falagueira', 'Lisboa');
insert into codigopostal (cod_id, cod_nrporta, cod_concelho, cod_localidade, cod_distrito) values ('27', '32', 'Amadora', 'Brandoa', 'Lisboa');
insert into codigopostal (cod_id, cod_nrporta, cod_concelho, cod_localidade, cod_distrito) values ('28', '21', 'Lisboa', 'Benfica', 'Lisboa');
insert into codigopostal (cod_id, cod_nrporta, cod_concelho, cod_localidade, cod_distrito) values ('29', '32', 'Lisboa', 'Laranjeiras', 'Lisboa');
insert into codigopostal (cod_id, cod_nrporta, cod_concelho, cod_localidade, cod_distrito) values ('30', '15', 'Amadora', 'Alfornelos', 'Lisboa');

insert into escala (esc_id, esc_valor, esc_desc) values ('1', '3', 'Razoável');
insert into escala (esc_id, esc_valor, esc_desc) values ('2', '1', 'Muito Poluidor');
insert into escala (esc_id, esc_valor, esc_desc) values ('3', '2', 'Poluidor');
insert into escala (esc_id, esc_valor, esc_desc) values ('4', '4', 'Pouco Poluidor');
insert into escala (esc_id, esc_valor, esc_desc) values ('5', '5', 'Ambientalista');

insert into resTipo (resTipo_id, resTipo_nome) values ('1', 'Múltipla');
insert into resTipo (resTipo_id, resTipo_nome) values ('2', 'Extensa');
insert into resTipo (resTipo_id, resTipo_nome) values ('3', 'Verdadeiro ou Falso');
insert into resTipo (resTipo_id, resTipo_nome) values ('4', 'Extensa');
insert into resTipo (resTipo_id, resTipo_nome) values ('5', 'Múltipla');

insert into perTipo (perTipo_id, perTipo_nome) values ('1', 'Extensa');
insert into perTipo (perTipo_id, perTipo_nome) values ('2', 'Múltipla');
insert into perTipo (perTipo_id, perTipo_nome) values ('3', 'Múltipla');
insert into perTipo (perTipo_id, perTipo_nome) values ('4', 'Extensa');
insert into perTipo (perTipo_id, perTipo_nome) values ('5', 'Verdadeiro ou Falso');

insert into utilizador (uti_id, uti_nome, uti_email, uti_dnsc, uti_morada, uti_genero, uti_cod_id, uti_idade, uti_naci) values ('1', 'André André', 'andre20@gmail.com', str_to_date('1998.03.04','%Y.%m.%d'), 'Rua José Régio, Amadora', 'M', '1', TIMESTAMPDIFF (YEAR, uti_dnsc, CURDATE()), 'portuguesa' );
insert into utilizador (uti_id, uti_nome, uti_email, uti_dnsc, uti_morada, uti_genero, uti_cod_id, uti_idade, uti_naci) values ('2', 'Carla Ribeiro', 'carlaribas@hotmail.com', str_to_date('1978.07.27','%Y.%m.%d'), 'Rua Fernando Pessoa, Odivelas', 'F', '2', TIMESTAMPDIFF (YEAR, uti_dnsc, CURDATE()), 'portuguesa' );
insert into utilizador (uti_id, uti_nome, uti_email, uti_dnsc, uti_morada, uti_genero, uti_cod_id, uti_idade, uti_naci) values ('3', 'Maria Almeida', 'mariaa@gmail.com', str_to_date('1995.12.25','%Y.%m.%d'), 'Rua Aquilino Ribeiro, Porto', 'F', '3', TIMESTAMPDIFF (YEAR, uti_dnsc, CURDATE()), 'portuguesa' );
insert into utilizador (uti_id, uti_nome, uti_email, uti_dnsc, uti_morada, uti_genero, uti_cod_id, uti_idade, uti_naci) values ('4', 'Filipe Carvalho', 'filipe99@gmail.com', str_to_date('1999.07.22','%Y.%m.%d'), 'Rua Manuel Fernandes, Portimão', 'M', '4',TIMESTAMPDIFF (YEAR, uti_dnsc, CURDATE()), 'portuguesa' );
insert into utilizador (uti_id, uti_nome, uti_email, uti_dnsc, uti_morada, uti_genero, uti_cod_id, uti_idade, uti_naci) values ('5', 'Pedro Henriques', 'pedrih@hotmail.com', str_to_date('2001.02.14','%Y.%m.%d'), 'Rua Luís de Camões, Gaia', 'M', '5',TIMESTAMPDIFF (YEAR, uti_dnsc, CURDATE()), 'portuguesa' );
insert into utilizador (uti_id, uti_nome, uti_email, uti_dnsc, uti_morada, uti_genero, uti_cod_id, uti_idade, uti_naci) values ('6', 'José Ricardo', 'andre20@gmail.com', str_to_date('1998.03.04','%Y.%m.%d'), 'Rua José Régio, Amadora', 'M', '6',TIMESTAMPDIFF (YEAR, uti_dnsc, CURDATE()), 'portuguesa' );
insert into utilizador (uti_id, uti_nome, uti_email, uti_dnsc, uti_morada, uti_genero, uti_cod_id, uti_idade, uti_naci) values ('7', 'Rafael Rodrigues', 'carlaribas@hotmail.com', str_to_date('1978.07.27','%Y.%m.%d'), 'Rua Fernando Pessoa, Odivelas', 'F', '7', TIMESTAMPDIFF (YEAR, uti_dnsc, CURDATE()), 'portuguesa' );
insert into utilizador (uti_id, uti_nome, uti_email, uti_dnsc, uti_morada, uti_genero, uti_cod_id, uti_idade, uti_naci) values ('8', 'Ana Rosário', 'mariaa@gmail.com', str_to_date('1995.12.25','%Y.%m.%d'), 'Rua Aquilino Ribeiro, Porto', 'F', '8', TIMESTAMPDIFF (YEAR, uti_dnsc, CURDATE()), 'portuguesa' );
insert into utilizador (uti_id, uti_nome, uti_email, uti_dnsc, uti_morada, uti_genero, uti_cod_id, uti_idade, uti_naci) values ('9', 'Marta Pereira', 'filipe99@gmail.com', str_to_date('1999.07.22','%Y.%m.%d'), 'Rua Manuel Fernandes, Portimão', 'M', '9', TIMESTAMPDIFF (YEAR, uti_dnsc, CURDATE()), 'portuguesa' );
insert into utilizador (uti_id, uti_nome, uti_email, uti_dnsc, uti_morada, uti_genero, uti_cod_id, uti_idade, uti_naci) values ('10', 'João Paulo', 'pedrih@hotmail.com', str_to_date('2002.02.14','%Y.%m.%d'), 'Rua Luís de Camões, Gaia', 'M', '10', TIMESTAMPDIFF (YEAR, uti_dnsc, CURDATE()), 'portuguesa' );
insert into utilizador (uti_id, uti_nome, uti_email, uti_dnsc, uti_morada, uti_genero, uti_cod_id, uti_idade, uti_naci) values ('11', 'João Luz', 'andre20@gmail.com', str_to_date('1998.03.04','%Y.%m.%d'), 'Rua José Régio, Amadora', 'M', '11', TIMESTAMPDIFF (YEAR, uti_dnsc, CURDATE()), 'portuguesa' );
insert into utilizador (uti_id, uti_nome, uti_email, uti_dnsc, uti_morada, uti_genero, uti_cod_id, uti_idade, uti_naci) values ('12', 'Rafael Miguel', 'carlaribas@hotmail.com', str_to_date('1978.07.27','%Y.%m.%d'), 'Rua Fernando Pessoa, Odivelas', 'F', '12', TIMESTAMPDIFF (YEAR, uti_dnsc, CURDATE()), 'portuguesa' );
insert into utilizador (uti_id, uti_nome, uti_email, uti_dnsc, uti_morada, uti_genero, uti_cod_id, uti_idade, uti_naci) values ('13', 'Ana Rosa', 'mariaa@gmail.com', str_to_date('1995.12.25','%Y.%m.%d'), 'Rua Aquilino Ribeiro, Porto', 'F', '13', TIMESTAMPDIFF (YEAR, uti_dnsc, CURDATE()), 'portuguesa' );
insert into utilizador (uti_id, uti_nome, uti_email, uti_dnsc, uti_morada, uti_genero, uti_cod_id, uti_idade, uti_naci) values ('14', 'João Pedro', 'filipe99@gmail.com', str_to_date('1999.07.22','%Y.%m.%d'), 'Rua Manuel Fernandes, Portimão', 'M', '14', TIMESTAMPDIFF (YEAR, uti_dnsc, CURDATE()), 'portuguesa' );
insert into utilizador (uti_id, uti_nome, uti_email, uti_dnsc, uti_morada, uti_genero, uti_cod_id, uti_idade, uti_naci) values ('15', 'Rafael Inácia', 'pedrih@hotmail.com', str_to_date('2001.02.14','%Y.%m.%d'), 'Rua Luís de Camões, Gaia', 'M', '15', TIMESTAMPDIFF (YEAR, uti_dnsc, CURDATE()), 'portuguesa' );
insert into utilizador (uti_id, uti_nome, uti_email, uti_dnsc, uti_morada, uti_genero, uti_cod_id, uti_idade, uti_naci) values ('16', 'Inácio Rodrigues', 'andre20@gmail.com', str_to_date('1998.03.04','%Y.%m.%d'), 'Rua José Régio, Amadora', 'M', '16', TIMESTAMPDIFF (YEAR, uti_dnsc, CURDATE()), 'portuguesa' );
insert into utilizador (uti_id, uti_nome, uti_email, uti_dnsc, uti_morada, uti_genero, uti_cod_id, uti_idade, uti_naci) values ('17', 'João Rosário', 'carlaribas@hotmail.com', str_to_date('1978.07.27','%Y.%m.%d'), 'Rua Fernando Pessoa, Odivelas', 'F', '17', TIMESTAMPDIFF (YEAR, uti_dnsc, CURDATE()), 'portuguesa' );
insert into utilizador (uti_id, uti_nome, uti_email, uti_dnsc, uti_morada, uti_genero, uti_cod_id, uti_idade, uti_naci) values ('18', 'Ana Costa', 'mariaa@gmail.com', str_to_date('1995.12.25','%Y.%m.%d'), 'Rua Aquilino Ribeiro, Porto', 'F', '18', TIMESTAMPDIFF (YEAR, uti_dnsc, CURDATE()), 'portuguesa' );
insert into utilizador (uti_id, uti_nome, uti_email, uti_dnsc, uti_morada, uti_genero, uti_cod_id, uti_idade, uti_naci) values ('19', 'Paulo Pedrosa', 'filipe99@gmail.com', str_to_date('1999.07.22','%Y.%m.%d'), 'Rua Manuel Fernandes, Portimão', 'M', '19', TIMESTAMPDIFF (YEAR, uti_dnsc, CURDATE()), 'portuguesa' );
insert into utilizador (uti_id, uti_nome, uti_email, uti_dnsc, uti_morada, uti_genero, uti_cod_id, uti_idade, uti_naci) values ('20', 'Lúcia Azevedo', 'pedrih@hotmail.com', str_to_date('2001.02.14','%Y.%m.%d'), 'Rua Luís de Camões, Gaia', 'M', '20', TIMESTAMPDIFF (YEAR, uti_dnsc, CURDATE()), 'portuguesa' );
insert into utilizador (uti_id, uti_nome, uti_email, uti_dnsc, uti_morada, uti_genero, uti_cod_id, uti_idade, uti_naci) values ('21', 'Tiago Dinis', 'andre20@gmail.com', str_to_date('1998.03.04','%Y.%m.%d'), 'Rua José Régio, Amadora', 'M', '21', TIMESTAMPDIFF (YEAR, uti_dnsc, CURDATE()), 'portuguesa' );
insert into utilizador (uti_id, uti_nome, uti_email, uti_dnsc, uti_morada, uti_genero, uti_cod_id, uti_idade, uti_naci) values ('22', 'Margarida Antunes', 'carlaribas@hotmail.com', str_to_date('1978.07.27','%Y.%m.%d'), 'Rua Fernando Pessoa, Odivelas', 'F', '22', TIMESTAMPDIFF (YEAR, uti_dnsc, CURDATE()), 'portuguesa' );
insert into utilizador (uti_id, uti_nome, uti_email, uti_dnsc, uti_morada, uti_genero, uti_cod_id, uti_idade, uti_naci) values ('23', 'Beatriz Barbosa', 'mariaa@gmail.com', str_to_date('1995.12.25','%Y.%m.%d'), 'Rua Aquilino Ribeiro, Porto', 'F', '23', TIMESTAMPDIFF (YEAR, uti_dnsc, CURDATE()), 'portuguesa' );
insert into utilizador (uti_id, uti_nome, uti_email, uti_dnsc, uti_morada, uti_genero, uti_cod_id, uti_idade, uti_naci) values ('24', 'Inês Rosa', 'filipe99@gmail.com', str_to_date('1999.07.22','%Y.%m.%d'), 'Rua Manuel Fernandes, Portimão', 'M', '24', TIMESTAMPDIFF (YEAR, uti_dnsc, CURDATE()), 'portuguesa' );
insert into utilizador (uti_id, uti_nome, uti_email, uti_dnsc, uti_morada, uti_genero, uti_cod_id, uti_idade, uti_naci) values ('25', 'Santiago Encarnação', 'pedrih@hotmail.com', str_to_date('2000.02.14','%Y.%m.%d'), 'Rua Luís de Camões, Gaia', 'M', '25', TIMESTAMPDIFF (YEAR, uti_dnsc, CURDATE()), 'portuguesa' );
insert into utilizador (uti_id, uti_nome, uti_email, uti_dnsc, uti_morada, uti_genero, uti_cod_id, uti_idade, uti_naci) values ('26', 'Rafael Leão', 'andre20@gmail.com', str_to_date('1998.03.04','%Y.%m.%d'), 'Rua José Régio, Amadora', 'M', '26', TIMESTAMPDIFF (YEAR, uti_dnsc, CURDATE()), 'portuguesa' );
insert into utilizador (uti_id, uti_nome, uti_email, uti_dnsc, uti_morada, uti_genero, uti_cod_id, uti_idade, uti_naci) values ('27', 'João Balão', 'carlaribas@hotmail.com', str_to_date('1978.07.27','%Y.%m.%d'), 'Rua Fernando Pessoa, Odivelas', 'F', '27', TIMESTAMPDIFF (YEAR, uti_dnsc, CURDATE()), 'portuguesa' );
insert into utilizador (uti_id, uti_nome, uti_email, uti_dnsc, uti_morada, uti_genero, uti_cod_id, uti_idade, uti_naci) values ('28', 'Jacinto Trigueira', 'mariaa@gmail.com', str_to_date('1995.12.25','%Y.%m.%d'), 'Rua Aquilino Ribeiro, Porto', 'F', '28', TIMESTAMPDIFF (YEAR, uti_dnsc, CURDATE()), 'portuguesa' );
insert into utilizador (uti_id, uti_nome, uti_email, uti_dnsc, uti_morada, uti_genero, uti_cod_id, uti_idade, uti_naci) values ('29', 'Juliana Chaves', 'filipe99@gmail.com', str_to_date('1999.07.22','%Y.%m.%d'), 'Rua Manuel Fernandes, Portimão', 'M', '29', TIMESTAMPDIFF (YEAR, uti_dnsc, CURDATE()), 'portuguesa' );
insert into utilizador (uti_id, uti_nome, uti_email, uti_dnsc, uti_morada, uti_genero, uti_cod_id, uti_idade, uti_naci) values ('30', 'Josefino Feliciano', 'pedrih@hotmail.com', str_to_date('2000.02.14','%Y.%m.%d'), 'Rua Luís de Camões, Gaia', 'M', '30', TIMESTAMPDIFF (YEAR, uti_dnsc, CURDATE()), 'portuguesa' );

insert into administrador (admi_id, admi_datainicio, admi_datafinal, admi_uti_id) values ('1', '2015-12-20 10:01:00', '2015-12-20 10:05:00', '14'); 
insert into administrador (admi_id, admi_datainicio, admi_datafinal, admi_uti_id) values ('2', '2020-07-01 21:30:05', '2020-07-01 21:53:12', '11');
insert into administrador (admi_id, admi_datainicio, admi_datafinal, admi_uti_id) values ('3', '2021-01-07 16:12:07', '2021-01-07 16:22:00', '7');
insert into administrador (admi_id, admi_datainicio, admi_datafinal, admi_uti_id) values ('4', '2020-12-16 10:09:01', '2020-12-16 10:55:02', '2');
insert into administrador (admi_id, admi_datainicio, admi_datafinal, admi_uti_id) values ('5', '2021-02-14 22:35:00', '2021-02-14 23:02:30', '9');


insert into seccao (sec_id, sec_nome, sec_form_id) values ('1', 'Transportes', '1');
insert into seccao (sec_id, sec_nome, sec_form_id) values ('2', 'Gasto Veículo', '2');
insert into seccao (sec_id, sec_form_id) values ('3', '3');
insert into seccao (sec_id, sec_nome, sec_form_id) values ('4', 'Consumo mensal', '4');
insert into seccao (sec_id, sec_nome, sec_form_id) values ('5', 'Consumo desnecessário', '5');

insert into pergunta (per_id, per_string, per_sec_id, per_perTipo_id, per_res_id) values ('1', 'Quantos kilómetros fez hoje com o seu veículo?', '1', '1', '1');
insert into pergunta (per_id, per_string, per_sec_id, per_perTipo_id, per_res_id) values ('2', 'Costuma deslocar-se por transportes públicos quando possível?', '2', '2', '2');
insert into pergunta (per_id, per_string, per_sec_id, per_perTipo_id, per_res_id) values ('3', 'Tem noção das práticas nocivas que realiza?', '3', '3', '3');
insert into pergunta (per_id, per_string, per_sec_id, per_perTipo_id, per_res_id) values ('4', 'Sabendo que pode fazer a diferença, de que maneira pensa alterar o seu comportamento?', '4', '4', '4');
insert into pergunta (per_id, per_string, per_sec_id, per_perTipo_id, per_res_id) values ('5', 'Considera o aquecimento global uma matéria importante?', '5', '5', '5');

insert into resposta (res_id, res_data, res_resTipo_id, res_per_id, res_uti_id, res_form_id) values ('1', null, '1', '1', '1', '1');
insert into resposta (res_id, res_string, res_data, res_resTipo_id, res_per_id, res_uti_id, res_form_id) values ('2', 'Sim', str_to_date('2020.07.22','%Y.%m.%d'), '2', '2', '2', '2');
insert into resposta (res_id, res_string, res_data, res_resTipo_id, res_per_id, res_uti_id, res_form_id) values ('3', 'Não considero relevante', null, '3', '3', '3', '3');
insert into resposta (res_id, res_string, res_data, res_resTipo_id, res_per_id, res_uti_id, res_form_id) values ('4', 'Desloco-me sempre de carro', null, '4', '4', '4', '4');
insert into resposta (res_id, res_data, res_resTipo_id, res_per_id, res_uti_id, res_form_id) values ('5', str_to_date('2020.07.22','%Y.%m.%d'), '5', '5', '5', '5');

insert into classificado(cla_data, cla_uti_id, cla_esc_id) values ('2020-11-25 20:06:00', '1', '2');
insert into classificado(cla_data, cla_uti_id, cla_esc_id) values ('2019-10-22 21:05:00', '2', '3');
insert into classificado(cla_data, cla_uti_id, cla_esc_id) values ('2013-09-21 19:04:00', '3', '1');
insert into classificado(cla_data, cla_uti_id, cla_esc_id) values ('2014-08-20 18:03:00', '4', '5');
insert into classificado(cla_data, cla_uti_id, cla_esc_id) values ('2016-07-19 17:02:00', '5', '4');
insert into classificado(cla_data, cla_uti_id, cla_esc_id) values ('2020-11-25 20:06:00', '6', '2');
insert into classificado(cla_data, cla_uti_id, cla_esc_id) values ('2019-10-22 21:05:00', '7', '3');
insert into classificado(cla_data, cla_uti_id, cla_esc_id) values ('2013-09-21 19:04:00', '8', '1');
insert into classificado(cla_data, cla_uti_id, cla_esc_id) values ('2014-08-20 18:03:00', '9', '5');
insert into classificado(cla_data, cla_uti_id, cla_esc_id) values ('2016-07-19 17:02:00', '10', '4');
insert into classificado(cla_data, cla_uti_id, cla_esc_id) values ('2020-11-25 20:06:00', '11', '2');
insert into classificado(cla_data, cla_uti_id, cla_esc_id) values ('2019-10-22 21:05:00', '12', '3');
insert into classificado(cla_data, cla_uti_id, cla_esc_id) values ('2013-09-21 19:04:00', '13', '1');
insert into classificado(cla_data, cla_uti_id, cla_esc_id) values ('2014-08-20 18:03:00', '14', '5');
insert into classificado(cla_data, cla_uti_id, cla_esc_id) values ('2016-07-19 17:02:00', '15', '4');
insert into classificado(cla_data, cla_uti_id, cla_esc_id) values ('2020-11-25 20:06:00', '16', '2');
insert into classificado(cla_data, cla_uti_id, cla_esc_id) values ('2019-10-22 21:05:00', '17', '3');
insert into classificado(cla_data, cla_uti_id, cla_esc_id) values ('2013-09-21 19:04:00', '18', '1');
insert into classificado(cla_data, cla_uti_id, cla_esc_id) values ('2014-08-20 18:03:00', '19', '5');
insert into classificado(cla_data, cla_uti_id, cla_esc_id) values ('2016-07-19 17:02:00', '20', '4');
insert into classificado(cla_data, cla_uti_id, cla_esc_id) values ('2020-11-25 20:06:00', '21', '2');
insert into classificado(cla_data, cla_uti_id, cla_esc_id) values ('2019-10-22 21:05:00', '22', '3');
insert into classificado(cla_data, cla_uti_id, cla_esc_id) values ('2013-09-21 19:04:00', '23', '1');
insert into classificado(cla_data, cla_uti_id, cla_esc_id) values ('2014-08-20 18:03:00', '24', '5');
insert into classificado(cla_data, cla_uti_id, cla_esc_id) values ('2016-07-19 17:02:00', '25', '4');
insert into classificado(cla_data, cla_uti_id, cla_esc_id) values ('2020-11-25 20:06:00', '26', '2');
insert into classificado(cla_data, cla_uti_id, cla_esc_id) values ('2019-10-22 21:05:00', '27', '3');
insert into classificado(cla_data, cla_uti_id, cla_esc_id) values ('2013-09-21 19:04:00', '28', '1');
insert into classificado(cla_data, cla_uti_id, cla_esc_id) values ('2014-08-20 18:03:00', '29', '5');
insert into classificado(cla_data, cla_uti_id, cla_esc_id) values ('2016-07-19 17:02:00', '30', '4');